product_group,ecosystem
06_filtry do butelek Soft i Solid,bottle
13_filtry do dzbanków standard,pitcher
16_filtry do dzbanków AGD+,pitcher
14_filtry do dzbanków Mg+,pitcher
15_filtry do dzbanków Ph+,pitcher
08_dzbanki filtrujące manualne,pitcher
09_dzbanki filtrujące LED,pitcher
09_dzbanki PRISMA LED,pitcher
01_bidony,bottle
10_dzbanki filtrujące Crystal,pitcher
11_czajnik filtrujący,keton
05_butelki i kubki termiczne,bottle
23_Filtry przepływowe - obudowy,sink
25_Filtry przepływowe - akcesoria,sink
24_Filtry przepływowe - wkłady,sink
17_Flow Comfort D1 jednodrożna,flow_comfort
19_Flow Comfort D1 trójdrożna,flow_comfort
21_wkład D1 do Flow Comfort,flow_comfort
18_Flow Comfort DC10 jednodrożna,flow_comfort
20_Flow Comfort DC10 trójdrożna,flow_comfort
22_wkład DC10 do Flow Comfort,flow_comfort
35_pojemniki SeeYou,container
36_akcesoria SeeYou,container
38_inne,other
27_Proskin - urządzenia i filtry,Proskin
26_podgrzewacze przepływowe,sink
30_saturator PushAir,PushAir
33_butelki do saturatora PushAir,PushAir
31_nabój CO2 - zakup,CO2
32_nabój CO2 - wymiana,CO2
37_akcesoria PushAir,PushAir
34_suplementy PushAir,PushAir
07_akcesoria do Soft/Solid,bottle
02_butelki filtrujące SOFT,bottle
03_butelki filtrujące SOLID,bottle
04_termiczna butelka filtrująca SOLID,bottle
28_dzbanki akcesoria,pitcher